sku,nome,descricao,categoria,tamanho,espessura
17/1013,Moldura Criança Prata,Moldura de criança com aplicação de peixe em prata.,"","10x15 cm, 15x20 cm, 7x7 cm",""
A1030,Moldura Liso,Moldura com acabamento PVD com design elegante para exposição de fotografias.,"","10x15 cm, 15x20 cm, 20x25 cm",""
A1190,Moldura Lisa e Picotado,Moldura Lisa com rebordo Picotado com design elegante para exposição de fotografias.,"","10x15 cm, 15x20 cm, 5x7 cm, 7x10 cm, 9x13 cm",""
A120,Moldura,Moldura com acabamento PVD com design elegante para exposição de fotografias.,"","10x15 cm, 13x18 cm, 15x20 cm",""
A122B,Moldura Árvore da Vida,Moldura com design elegante para exposição de fotografias. Dimensões: 13x18 cm.,"",13x18 cm,""
A124,Moldura Casamento - 25ª-50ª,"Moldura elegante, ideal para preservar momentos especiais, como os de casamento , 25ª e 50 Anos.","","10x15 cm, 13x18 cm",""
A134A,Moldura Linha Martelada,Moldura com design elegante para exposição de fotografias.,"","10x15 cm, 13x18 cm, 15x20 cm, 18x24 cm",""
A135A,Moldura Linha Liso,Moldura com design elegante para exposição de fotografias.,"","10x15 cm, 13x18 cm, 15x20 cm, 18x24 cm",""
A138,Moldura - Casamento – 25 e 50 Anos,"Moldura elegante, ideal para preservar momentos especiais, como os de casamento , 25 e 50 Anos.","","10x15 cm, 13x18 cm, 18x24 cm","4 cm, 5 cm"
A139B,Moldura - Casamento – 25 e 50 Anos,"Moldura elegante, ideal para preservar momentos especiais, como os de casamento , 25 e 50 Anos","","10X15 cm, 13x18 cm, 15x20 cm","3.5 cm, 3. cm"
A140A,Moldura Casamento,"Moldura decorativa para fotografias, com design cuidado e acabamento premium. Dimensões: 18x24 cm. Ideal para celebrações de casamento.","","",""
A140B,Moldura Casamento,"Moldura decorativa para fotografias, com design cuidado e acabamento premium. Dimensões: 13x18 cm. Ideal para celebrações de casamento.","","",""
A140C,Moldura Casamento,"Moldura decorativa para fotografias, com design cuidado e acabamento premium. Dimensões: 10x15 cm. Ideal para celebrações de casamento.","","",""
A148,Moldura,Moldura com design elegante para exposição de fotografias. Ideal para celebrações de casamento.,"","10x15 cm, 13x18 cm",""
A149,Moldura - Casamento - 25 e 50 Anos,Moldura com design elegante para exposição de fotografias. Ideal para celebrações de casamento.,"","10x15 cm, 13x18 cm, 18x24 cm","4.5 cm, 4 cm, 5.2 cm"
A160,Moldura - Casamento – 25 e 50 Anos,"Moldura elegante, ideal para preservar momentos especiais, como os de casamento , 25 e 50 Anos.","","10x15 cm, 13x18 cm, 18x24 cm","4.5 cm, 4 cm, 5.2 cm"
A162,Moldura Lisa,"Moldura Lisa, cantos arredondados plana ","","10x15 cm, 13x18 cm, 15x20 cm",2.5 cm
A2010,Moldura Liso,Moldura com acabamento PVD com design elegante para exposição de fotografias.,"","13x18 cm, 18x24 cm",""
A202,Moldura Criança Madeira,Moldura em madeira com design elegante para exposição de fotografias. Peça ideal para oferta a crianças.,"","10x15 cm, 13x18 cm",""
A205,Moldura Criança,Moldura com design elegante para exposição de fotografias. Peça ideal para oferta a crianças.,"","13x18 cm, 9x13 cm",""
A2060,Moldura Liso,Moldura com acabamento PVD com design elegante para exposição de fotografias.,"","13x18 cm, 18x24 cm, 9x13 cm",""
A2086B,Moldura Casamento,"Moldura decorativa para fotografias, com design cuidado e acabamento premium. Dimensões: 13x18 cm. Ideal para celebrações de casamento.","","",""
A210,Moldura Criança,Moldura com design elegante para exposição de fotografias. Peça ideal para oferta a crianças.,"","10x15 cm, 13x18 cm",""
A211CR,Moldura Criança,Moldura com design elegante para exposição de fotografias. Dimensões: 10x15 cm. Peça ideal para oferta a crianças.,"",10x15 cm,""
A212,Moldura Criança,Moldura com design elegante para exposição de fotografias. Peça ideal para oferta a crianças.,"","10x15 cm, 13x18 cm",""
A223,Moldura Comunhão,"Moldura decorativa com acabamento PVD para fotografias, com design cuidado e acabamento premium. Ideal para cerimónias de comunhão.","","",""
A223MB,Moldura Comunhão Madeira,"Moldura decorativa com acabamento PVD para fotografias, com design cuidado e acabamento premium. Dimensões: 13x18 cm. Ideal para cerimónias de comunhão.","",13x18 cm,""
A224,Moldura Batismo,Moldura com design elegante para exposição de fotografias. Ideal para cerimónias de batismo.,"","10x15 cm, 13x18 cm",""
A224MB,Moldura Batismo Madeira,Moldura com acabamento PVD com design elegante para exposição de fotografias. Dimensões: 13x18 cm. Ideal para cerimónias de batismo.,"",13x18 cm,""
A225,Moldura Batismo,Moldura com acabamento PVD com design elegante para exposição de fotografias. Ideal para cerimónias de batismo.,"","13x18 cm, 9x13 cm",""
A226,Moldura Batismo,Moldura com design elegante para exposição de fotografias. Ideal para cerimónias de batismo.,"","10x15 cm, 13x18 cm",""
A2270,Moldura Árvore da Vida,Moldura com acabamento PVD com design elegante para exposição de fotografias.,"","13x18 cm, 18x24 cm, 9x13 cm",""
A231B,Moldura Criança,Moldura com acabamento PVD com design elegante para exposição de fotografias. Dimensões: 13x18 cm. Peça ideal para oferta a crianças.,"",13x18 cm,""
A231C,Moldura Criança,Moldura com acabamento PVD com design elegante para exposição de fotografias. Dimensões: 10x15 cm. Peça ideal para oferta a crianças.,"",10x15 cm,""
A234BAZ,Moldura Anjo,Moldura com acabamento PVD com design elegante para exposição de fotografias. Dimensões: 13x18 cm.,"",13x18 cm,""
A234BRO,Moldura Anjo,Moldura com acabamento PVD com design elegante para exposição de fotografias. Dimensões: 13x18 cm. Peça decorativa elegante.,"",13x18 cm,""
A234MB,Moldura Anjo da Guarda ,"Moldura Anjo da Guarda com dizeres em Madeira com Aplicação PVD, peça simbólica com acabamento cuidado. Dimensões: 13x18 cm.","",13x18 cm,""
A234MBAZ,Moldura Anjo da Guarda,"Moldura Anjo da Guarda com dizeres em Madeira com Aplicação PVD, peça simbólica com acabamento cuidado. Dimensões: 13x18 cm.","",13x18 cm,""
A234MBRO,Moldura Anjo da Guarda ,"Moldura Anjo da Guarda com dizeres em Madeira com Aplicação PVD, peça simbólica com acabamento cuidado. Dimensões: 13x18 cm.","",13x18 cm,""
A236B,Moldura Criança,Moldura com design elegante para exposição de fotografias. Dimensões: 13x18 cm. Peça ideal para oferta a crianças.,"",13x18 cm,""
A236BA,Moldura Criança,Moldura com design elegante para exposição de fotografias. Dimensões: 13x18 cm. Peça ideal para oferta a crianças.,"",13x18 cm,""
A236BR,Moldura Criança,Moldura com design elegante para exposição de fotografias. Dimensões: 13x18 cm. Peça ideal para oferta a crianças.,"",13x18 cm,""
A236C,Moldura Criança,Moldura com design elegante para exposição de fotografias. Dimensões: 10x15 cm. Peça ideal para oferta a crianças.,"",10x15 cm,""
A236CA,Moldura Criança,Moldura com design elegante para exposição de fotografias. Dimensões: 10x15 cm. Peça ideal para oferta a crianças.,"",10x15 cm,""
A236CR,Moldura Criança,Moldura com design elegante para exposição de fotografias. Dimensões: 10x15 cm. Peça ideal para oferta a crianças.,"",10x15 cm,""
A237,Moldura Criança,Moldura com design elegante para exposição de fotografias. Peça ideal para oferta a crianças.,"","13x18 cm, 9x13, 9x13 cm",2 cm
A238,Moldura Criança,Moldura com design elegante para exposição de fotografias. Peça ideal para oferta a crianças.,"","13x18 cm, 9x13 cm",""
A239,Moldura Nascimento,Moldura com design elegante para exposição de fotografias. Ideal para celebrar o nascimento.,"","10x15 cm, 13x18 cm",""
A241,Moldura Nascimento,Moldura com design elegante para exposição de fotografias. Ideal para celebrar o nascimento.,"","10x15 cm, 13x18 cm",""
A250,Moldura Criança Madeira,Moldura em madeira com design elegante para exposição de fotografias. Peça ideal para oferta a crianças.,"","10x15 cm, 13x18 cm",""
A252,Moldura Criança Madeira,Moldura em madeira com design elegante para exposição de fotografias. Peça ideal para oferta a crianças.,"","10x15 cm, 13x18 cm",""
A258,Moldura Criança,Moldura com design elegante para exposição de fotografias. Peça ideal para oferta a crianças.,"","10x15 cm, 13x18 cm",""
A259,Moldura Comunhão,Moldura em madeira com design elegante para exposição de fotografias. Ideal para cerimónias de comunhão.,"","",""
A260,Moldura Batismo,Moldura com design elegante para exposição de fotografias. Ideal para cerimónias de batismo.,"","10x15 cm, 13x18 cm",""
A261,Moldura Criança,Moldura com design elegante para exposição de fotografias. Peça ideal para oferta a crianças.,"","13x18 cm, 9x13 cm",""
A262,Moldura Criança,Moldura com design elegante para exposição de fotografias. Peça ideal para oferta a crianças.,"","13x18 cm, 9x13 cm",""
A263,Moldura Criança,Moldura com design elegante para exposição de fotografias. Peça ideal para oferta a crianças.,"","13x18 cm, 9x13 cm",""
A265,Moldura Comunhão,Moldura em madeira com design elegante para exposição de fotografias. Ideal para cerimónias de comunhão.,"","",""
A266,Moldura Batismo,Moldura com acabamento PVD com design elegante para exposição de fotografias. Ideal para cerimónias de batismo.,"","13x18 cm, 9x13 cm",""
A267M,Moldura Batismo,Moldura em madeira com design elegante para exposição de fotografias. Ideal para cerimónias de batismo.,"","10x15 cm, 13x18 cm",""
A268M,Moldura Comunhão,Moldura em madeira com design elegante para exposição de fotografias. Ideal para cerimónias de comunhão.,"","",""
A271BC,Moldura Criança,Moldura infantil ideal para eternizar momentos  especiais e perfeita para oferecer em ocasiões únicas .,"","10x15 cm, 13x18 cm",""
A272BAZ,Moldura Criança,Moldura com acabamento PVD com design elegante para exposição de fotografias. Dimensões: 13x18 cm. Peça ideal para oferta a crianças.,"","10x15 cm, 13x18 cm",""
A273B,Moldura Criança,Moldura com acabamento PVD com design elegante para exposição de fotografias. Dimensões: 13x18 cm. Peça ideal para oferta a crianças.,"",13x18 cm,""
A273C,Moldura Criança,Moldura com acabamento PVD com design elegante para exposição de fotografias. Dimensões: 10x15 cm. Peça ideal para oferta a crianças.,"",10x15 cm,""
A274C,Moldura Criança,Moldura com acabamento PVD com design elegante para exposição de fotografias. Dimensões: 10x15 cm. Peça ideal para oferta a crianças.,"",10x15 cm,""
A278,  Moldura Criança,"Moldura com design elegante para exposição de fotografias, peça ideal para oferta a crianças","","10x15 cm, 13x18 cm","3.5 cm, 3. cm"
A279,Moldura Criança,"Moldura com design elegante para exposição de fotografias, peça ideal para oferta a crianças.","","13x18 cm, 9x13 cm",2 cm
A280,Moldura Criança,"Moldura com design elegante para exposição de fotografias, peça ideal para oferta a crianças","","13x18 cm, 9x13 cm",2 cm
A281, Moldura Criança,"Moldura com design elegante para exposição de fotografias, peça ideal para oferta a crianças","","10x15 cm, 10X15 cm, 13x18 cm","3.5 cm, 3. cm"
A282,Moldura Comunhão,"Moldura decorativa com acabamento PVD para fotografias, com design cuidado e acabamento premium. Ideal para cerimónias de comunhão.","","10x15 cm, 15x20 cm","2.3 cm, 3.2 cm, 3. cm"
A283,Moldura Comunhão,"Moldura decorativa com acabamento PVD para fotografias, com design cuidado e acabamento premium. Ideal para cerimónias de comunhão.","","10x15 cm, 15x20 cm","2.3 cm, 3 cm"
A284,Moldura Batismo,Moldura com acabamento PVD com design elegante para exposição de fotografias. Ideal para cerimónias de batismo.,"","13x18 cm, 9x13, 9x13 cm",""
A285,Moldura Urso,Moldura com design elegante para exposição de fotografias. Dimensões exteriores: 27x18 cm. Dimensões interiores: 9x13 cm.,"","",""
A285-1, Moldura Criança,"Moldura com design elegante para exposição de fotografias, peça ideal para oferta a crianças","","10x15 cm, 13x18 cm","3.5 cm, 3 cm"
A286,Moldura Gato,Moldura com design elegante para exposição de fotografias. Dimensões: 27x18 cm.,"","",""
A287,Moldura Cão,Moldura com design elegante para exposição de fotografias. Dimensões: 27x18 cm.,"","",""
A301A,Moldura,Moldura com design elegante para exposição de fotografias.,"","10x15 cm, 18x24 cm",""
A308A,Moldura,Moldura com design elegante para exposição de fotografias. Dimensões: 18x24 cm.,"",18x24 cm,""
A3230,Moldura Elefante,Moldura com design elegante para exposição de fotografias.,"","",""
A323A,Moldura,Moldura com design elegante para exposição de fotografias. Dimensões: 18x24 cm.,"",18x24 cm,""
A3460/10B,Moldura Urso,Moldura com acabamento PVD com design elegante para exposição de fotografias. Dimensões: 10x15 cm.,"",10x15 cm,""
A353A,Moldura,Moldura com design elegante para exposição de fotografias.,"","18x24 cm, 9x13 cm",""
A3610,Moldura Anjo da Guarda,Moldura com design elegante para exposição de fotografias.,"","13x18 cm, 9x13 cm",""
A380B,Moldura Comunhão,"Moldura decorativa para fotografias, com design cuidado e acabamento premium. Dimensões: 13x18 cm. Ideal para cerimónias de comunhão.","",13x18 cm,""
A403,Moldura Criança Madeira,Moldura em madeira com design elegante para exposição de fotografias. Peça ideal para oferta a crianças.,"","10x15 cm, 13x18 cm",""
A410B/25,Moldura Casamento,"Moldura decorativa para fotografias, com design cuidado e acabamento premium. Dimensões: 13x18 cm. Ideal para celebrações de casamento 25 Anos.","",13x18 cm,""
A420A/50,Moldura Casamento,"Moldura decorativa para fotografias, com design cuidado e acabamento premium. Ideal para celebrar bodas de ouro e prata ( 25 e 50 anos).","",9x13 cm,""
A430B/25,Moldura Casamento,"Moldura decorativa para fotografias, com design cuidado e acabamento premium. Ideal para celebrações de casamento 25 Anos.","",10x15 cm,""
A440B/25,Moldura Casamento,"Moldura decorativa para fotografias, com design cuidado e acabamento premium. Ideal para celebrações de casamento 25 Anos.","",13x18 cm,""
A492AF/0,Moldura Casamento,"Moldura decorativa para fotografias, com design cuidado e acabamento premium. Dimensões: 18x24 cm. Ideal para celebrações de casamento.","",18x24 cm,""
A6000,Moldura Batismo,Moldura com acabamento PVD com design elegante para exposição de fotografias. Ideal para cerimónias de batismo.,"","10x15 cm, 15x20 cm",""
A6030,Moldura Batismo,Moldura com acabamento PVD com design elegante para exposição de fotografias. Ideal para cerimónias de batismo.,"","10x15 cm, 15x20 cm",""
A6080,Moldura Batismo,Moldura com acabamento PVD com design elegante para exposição de fotografias. Ideal para cerimónias de batismo.,"","13x18 cm, 9x13 cm",""
A6090,Moldura Batismo,Moldura com acabamento PVD com design elegante para exposição de fotografias. Ideal para cerimónias de batismo.,"","13x18 cm, 9x13 cm",""
A7010,Moldura Comunhão,Moldura com acabamento PVD com design elegante para exposição de fotografias. Ideal para cerimónias de comunhão.,"","",""
A7030/10,Moldura Comunhão,Moldura com acabamento PVD com design elegante para exposição de fotografias. Dimensões: 10x15 cm. Ideal para cerimónias de comunhão.,"",10x15 cm,""
A770,Moldura Criança,Moldura com design elegante para exposição de fotografias. Peça ideal para oferta a crianças.,"","13x18 cm, 9x13 cm",""
A784,Moldura Criança,Moldura com design elegante para exposição de fotografias. Peça ideal para oferta a crianças.,"","",""
A860,Moldura Criança,Moldura com design elegante para exposição de fotografias. Peça ideal para oferta a crianças.,"","",""
A900,Moldura Criança,Moldura com design elegante para exposição de fotografias. Peça ideal para oferta a crianças.,"","13x18 cm, 9x13 cm",""
A9070/13,Moldura,Moldura com design elegante para exposição de fotografias.,"","13x18 cm, 18x24 cm",""
A9120/13,Moldura Árvore da Vida,Moldura com design elegante para exposição de fotografias.,"","",""
A9120/18,Moldura Árvore da Vida,Moldura com design elegante para exposição de fotografias.,"","",""
A9150/10,Moldura - Casamento – 25 e 50 Anos,"Moldura elegante, ideal para preservar momentos especiais, como os de casamento , 25 e 50 Anos.","","10x15 cm, 15x10 cm, 15x20 cm, 20x15 cm",""
A9230/18,Moldura - Casamento – 25 e 50 Anos,"Moldura elegante, ideal para preservar momentos especiais, como os de casamento , 25 e 50 Anos.","","13x18 cm, 18x24 cm","3.5 cm, 4.5 cm"
A924,Moldura Batismo,"Moldura decorativa com acabamento PVD para fotografias, com design cuidado e acabamento premium. Ideal para cerimónias de batismo.","","13x18 cm, 9x13 cm",""
A9240/13C,Moldura Árvore da Vida Casamento,Moldura com design elegante para exposição de fotografias. Ideal para celebrações de casamento.,"","13x18 cm, 18x24 cm",""
A930,Moldura Criança,Moldura com design elegante para exposição de fotografias. Peça ideal para oferta a crianças.,"","",""
A936,Moldura Criança,Moldura com design elegante para exposição de fotografias. Peça ideal para oferta a crianças.,"","13x18 cm, 9x13 cm",""
A956BLRO,Moldura Criança,Moldura com acabamento PVD com design elegante para exposição de fotografias. Dimensões: 13x18 cm. Peça ideal para oferta a crianças.,"",13x18 cm,""
AE2000,Moldura Cegonha,Moldura com design elegante para exposição de fotografias.,"","13x18 cm, 9x13 cm",""
AE2001,Moldura Anjo,Moldura com design elegante para exposição de fotografias.,"","13x18 cm, 9x13 cm",""
AE2004,Moldura Criança,Moldura com design elegante para exposição de fotografias. Peça ideal para oferta a crianças.,"","",""
AE2039,Moldura Criança,Moldura com design elegante para exposição de fotografias. Peça ideal para oferta a crianças.,"","13x18 cm, 9x13 cm",""
AE6008,Moldura,Moldura com acabamento PVD com design elegante para exposição de fotografias.,"","13x18 cm, 18x24 cm",""
AE6018,Moldura,Moldura com acabamento PVD com design elegante para exposição de fotografias.,"","13x18 cm, 18x24 cm",""
AE6019,Moldura Martelado,Moldura com acabamento PVD com design elegante para exposição de fotografias.,"","13x18 cm, 18x24 cm, 9x13 cm",""
AE6022,Moldura,Moldura com acabamento PVD com design elegante para exposição de fotografias.,"","13x18 cm, 18x24 cm",""
AE6024,Moldura Lisa com Relevo,Moldura Lisa com Relevo e acabamento PVD com design elegante para exposição de fotografias.,"","10x15 cm, 15x20 cm",""
AE6115CSN,Pack de 3 Moldura s,"Moldura decorativa com acabamento PVD para fotografias, com design cuidado e acabamento premium. Dimensões: 10x15 cm.","",10x15 cm,""
AE6202/13,Moldura Corações,Moldura com acabamento PVD com design elegante para exposição de fotografias. Dimensões: 13x18 cm.,"",13x18 cm,""
AE6206/20,Moldura,Moldura com acabamento PVD com design elegante para exposição de fotografias. Dimensões: 20x25 cm.,"",20x25 cm,""
AE6208,Moldura Martelado,Moldura com acabamento PVD com design elegante para exposição de fotografias.,"","10x15 cm, 13x18 cm",""
AE6288/18,Moldura Casamento,"Moldura decorativa para fotografias, com design cuidado e acabamento premium. Ideal para celebrar bodas de prata (25 anos).","",13x18 cm,""
AE6289/18,Moldura Casamento,"Moldura decorativa para fotografias, com design cuidado e acabamento premium. Ideal para celebrar bodas de ouro (50 anos).","",13x18 cm,""
AE6290/18,Moldura Casamento,"Moldura decorativa para fotografias, com design cuidado e acabamento premium.","",13x18 cm,""
AE6434,Moldura,Moldura com acabamento PVD com design elegante para exposição de fotografias.,"","10x15 cm, 15x20 cm",""
AE6440/13,Moldura Casamento,"Moldura Casamento, 25 e 50 Anos. Ideal para celebrações de casamento.","","",""
AE6471/13,Moldura Casamento,Moldura com design elegante para exposição de fotografias. Ideal para celebrações de casamento.,"","",""
AE6518/13,Moldura Casamento,Moldura com acabamento PVD com design elegante para exposição de fotografias. Ideal para celebrar bodas de prata (25 anos).,"","13x18 cm, 18x24 cm",""
AE6519/13,Moldura Casamento,Moldura com acabamento PVD com design elegante para exposição de fotografias. Ideal para celebrar bodas de ouro (50 anos).,"","13x18 cm, 18x24 cm",""
AE6701/13,Moldura Casamento,"Moldura decorativa para fotografias, com design cuidado e acabamento premium. Ideal para celebrações de casamento.","","13x18 cm, 18x24 cm",""
B10871C/50,Moldura Casamento,Moldura em bilaminado com design elegante para exposição de fotografias. Ideal para celebrações de casamento 50 Anos.,"","",""
B1298S,Moldura Martelado,Moldura em bilaminado com design elegante para exposição de fotografias. Dimensões: 15x20 cm.,"",15x20 cm,""
B1299S,Moldura Martelado,Moldura em bilaminado com design elegante para exposição de fotografias. Dimensões: 15x20 cm.,"",15x20 cm,""
B1307N,Moldura,Moldura em bilaminado com design elegante para exposição de fotografias. Dimensões: 20x25 cm.,"",20x25 cm,""
B1312A,Moldura Oval de Aniversário Casamento,"Moldura decorativa para fotografias, com design cuidado e acabamento premium. Dimensões: 18x24 cm. Ideal para celebrações de casamento.","","",""
B1312B,Moldura Casamento,"Moldura decorativa para fotografias, com design cuidado e acabamento premium. Dimensões: 13x18 cm. Ideal para celebrações de casamento.","",13x18 cm,""
B1314AL,Moldura Liso,Moldura em bilaminado com design elegante para exposição de fotografias. Dimensões: 18x24 cm.,"",18x24 cm,""
B1316NL,Moldura Martelado,Moldura em bilaminado com design elegante para exposição de fotografias.,"","18x24 cm, 20x25 cm",""
B1326A,Moldura,Moldura em bilaminado com design elegante para exposição de fotografias. Dimensões: 18x24 cm.,"",18x24 cm,""
B1327A,Moldura,Moldura em bilaminado com design elegante para exposição de fotografias. Dimensões: 18x24 cm.,"",18x24 cm,""
B1370C/25,Moldura Casamento,"Moldura decorativa em bilaminado para fotografias, com design cuidado e acabamento premium. Dimensões: 10x15 cm. Ideal para celebrar bodas de prata (25 anos).","",10x15 cm,""
B1376A,Moldura,Moldura em bilaminado com design elegante para exposição de fotografias.,"","13x18 cm, 18x24 cm",""
B1380C/00,Moldura Casamento,Moldura em bilaminado com design elegante para exposição de fotografias. Dimensões: 10x15 cm. Ideal para celebrações de casamento.,"",10x15 cm,""
B1385A,Moldura com Parafusos,Moldura com design elegante para exposição de fotografias.,"","13x18 cm, 18x24 cm",""
B1397B/50,Moldura Casamento,"Moldura decorativa para fotografias, com design cuidado e acabamento premium. Dimensões: 13x18 cm. Ideal para celebrar bodas de ouro (50 anos).","",13x18 cm,""
B1399,Moldura,"Moldura decorativa para fotografias, com design cuidado e acabamento premium. Ideal para celebrar bodas de ouro (50 anos).",Moldura,"",""
B1399A/25,Moldura Casamento,"Moldura decorativa para fotografias, com design cuidado e acabamento premium. Dimensões: 18x24 cm. Ideal para celebrações de casamento.","",18x24 cm,""
B1406A,Moldura,Moldura em bilaminado com design elegante para exposição de fotografias. Dimensões: 20x20 cm.,"",20x20 cm,""
B1407A,Moldura,Moldura em bilaminado com design elegante para exposição de fotografias.,"","13x13 cm, 20x20 cm",""
B1408A,Moldura,Moldura em bilaminado com design elegante para exposição de fotografias.,"","20x20 cm, 9x9 cm",""
B1506/4,Moldura Martelado,Moldura para 4 fotografias em bilaminado com design elegante para exposição de fotografias. Dimensões: 9x13 cm.,"",9x13 cm,""
B15/5112,Moldura em Pele Imagem Bilaminada,"Moldura decorativa em pele para fotografias, com design cuidado e acabamento premium. Dimensões exteriores: 31x53 cm. Dimensões interiores: 15x36,5 cm.","","",""
B1600A,Moldura Martelado Forte,Moldura em bilaminado com design elegante para exposição de fotografias. Dimensões: 18x24 cm.,"",18x24 cm,""
B1624A,Moldura Martelado,Moldura em bilaminado com design elegante para exposição de fotografias.,"","15x20 cm, 18x24 cm",""
B1637A,Moldura Margaritas,Moldura em bilaminado com design elegante para exposição de fotografias.,"","13x18 cm, 18x24 cm, 9x13 cm",""
B16/7300,Moldura Casamento Casamento Douradas,"Moldura decorativa para fotografias, com design cuidado e acabamento premium. Dimensões: 18x24 cm. Ideal para celebrações de casamento.","",18x24 cm,""
B16/8026,Moldura,Moldura em bilaminado com design elegante para exposição de fotografias na Horizontal 25x20cm ou na Vertical 20x25 cm ,"","20x25 cm, 25x20",2.5 cm
B1699A,Moldura Ondas do Mar,Moldura em bilaminado com design elegante para exposição de fotografias.,"","13x18 cm, 18x24 cm",""
B17/1249,Moldura Flores Camilletti,"Moldura decorativa para fotografias, com design cuidado e acabamento premium. Dimensões: 9x13 cm.","",9x13 cm,""
B17/1282,Moldura Nascimento,Moldura em bilaminado com design elegante para exposição de fotografias. Dimensões interiores: 9x9 cm. Dimensões exteriores: 22x17 cm. Ideal para celebrar o nascimento.,"","",""
B17/1283,Moldura Nascimento,Moldura em bilaminado com design elegante para exposição de fotografias. Dimensões: 6x9 cm. Ideal para celebrar o nascimento.,"",6x9 cm,""
B17/2601,Moldura Casamento,"Moldura decorativa para fotografias, com design cuidado e acabamento premium. Dimensões: 13x18 cm. Ideal para celebrações de casamento.","",13x18 cm,""
B2003,Moldura Criança,Moldura com design elegante para exposição de fotografias. Peça ideal para oferta a crianças.,"","",""
B2073,Moldura Criança,Moldura com design elegante para exposição de fotografias. Peça ideal para oferta a crianças.,"","",""
B2220DAZ,Moldura Laço,"Moldura decorativa para fotografias, com design cuidado e acabamento premium. Dimensões: 9x13 cm.","","13x18 cm, 9x13 cm",""
B2350BLAZ,Moldura Príncipe,"Moldura decorativa para fotografias, com design cuidado e acabamento premium. Dimensões: 13x18 cm.","",13x18 cm,""
B2360DL,Moldura Borboletas,"Moldura decorativa para fotografias, com design cuidado e acabamento premium. Dimensões: 9x13 cm.","","13x18 cm, 9x13 cm",""
B2393,Moldura Batismo,Moldura em bilaminado com design elegante para exposição de fotografias. Dimensões: 13x13 cm. Ideal para cerimónias de batismo.,"","13x13 cm, 9x9 cm",""
B2395,Moldura Batismo,Moldura em bilaminado com design elegante para exposição de fotografias. Ideal para cerimónias de batismo.,"","13x13 cm, 9x9 cm",""
B26/4780,Moldura Casamento,Moldura com design elegante para exposição de fotografias. Dimensões: 18x24 cm. Ideal para celebrações de casamento 25 Anos com Alianças.,"",18x24 cm,""
B26/4810,Moldura Lisa Casamento,"Moldura decorativa para fotografias, com design cuidado e acabamento premium.","","",""
B26/4830,Moldura Martelada Casamento Casamento,"Moldura decorativa para fotografias, com design cuidado e acabamento premium. Ideal para celebrações de casamento.","","",""
B2664BL,Moldura Nascimento,Moldura em bilaminado com design elegante para exposição de fotografias. Dimensões: 13x18 cm. Ideal para celebrar o nascimento.,"","13x18 cm, 9x13 cm",""
B2668DL,Moldura Nascimento,Moldura em bilaminado com design elegante para exposição de fotografias. Dimensões: 9x13 cm. Ideal para celebrar o nascimento.,"",9x13 cm,""
B2680BLAZ,Moldura Criança Carros,Moldura em bilaminado com design elegante para exposição de fotografias. Peça ideal para oferta a crianças.,"","",""
B2701D,Moldura Batismo,Moldura em bilaminado com design elegante para exposição de fotografias. Dimensões: 9x13 cm. Ideal para cerimónias de batismo.,"",9x13 cm,""
B2710D,Moldura Batismo,Moldura em bilaminado com design elegante para exposição de fotografias. Dimensões: 9x13 cm. Ideal para cerimónias de batismo.,"",9x13 cm,""
B2713D,Moldura Batismo,Moldura em bilaminado com design elegante para exposição de fotografias. Dimensões: 9x13 cm. Ideal para cerimónias de batismo.,"",9x13 cm,""
B2730,Moldura Batismo,Moldura em bilaminado com design elegante para exposição de fotografias. Ideal para cerimónias de batismo.,"","10x15 cm, 13x18 cm",""
B2859DL,Moldura Batismo,Moldura em bilaminado com design elegante para exposição de fotografias. Dimensões: 9x13 cm. Ideal para cerimónias de batismo.,"",9x13 cm,""
B2880E,Moldura Batismo,Moldura em bilaminado com design elegante para exposição de fotografias. Dimensões: 6x9 cm. Ideal para cerimónias de batismo.,"",6x9 cm,""
B2895D,Moldura Batismo,Moldura em bilaminado com design elegante para exposição de fotografias. Dimensões: 9x13 cm. Ideal para cerimónias de batismo.,"",9x13 cm,""
B2896D,Moldura Batismo,Moldura em bilaminado com design elegante para exposição de fotografias. Dimensões: 9x13 cm. Ideal para cerimónias de batismo.,"",9x13 cm,""
B2910,Moldura Corações,"Moldura decorativa para fotografias, com design cuidado e acabamento premium. Dimensões: 13x18 cm.","","",""
B2911BR,Moldura Laço Branco,"Moldura decorativa para fotografias, com design cuidado e acabamento premium. Dimensões: 13x18 cm.","",13x18 cm,""
B2980BL,Moldura Criança,Moldura com design elegante para exposição de fotografias. Dimensões: 13x18 cm. Peça ideal para oferta a crianças.,"",13x18 cm,""
B2981,Moldura Criança,Moldura com design elegante para exposição de fotografias. Peça ideal para oferta a crianças.,"","10x15 cm, 13x18 cm",""
B3080BLAZ,Moldura Criança,Moldura em bilaminado com design elegante para exposição de fotografias. Dimensões: 13x18 cm. Peça ideal para oferta a crianças.,"",13x18 cm,""
B3081BL,Moldura Criança,Moldura em bilaminado com design elegante para exposição de fotografias. Dimensões: 13x18 cm. Peça ideal para oferta a crianças.,"",13x18 cm,""
B3090/RO,Moldura Criança,Moldura com design elegante para exposição de fotografias. Peça ideal para oferta a crianças.,"","",""
B3096,Moldura Criança,Moldura com design elegante para exposição de fotografias. Peça ideal para oferta a crianças.,"","",""
B3100,Moldura Urso Flor,"Moldura decorativa para fotografias, com design cuidado e acabamento premium. Dimensões: 13x18 cm.","","",""
B3120,Moldura Criança,Moldura com design elegante para exposição de fotografias. Peça ideal para oferta a crianças.,"","13x18 cm, 9x13 cm",""
B3150BL,Moldura Criança,Moldura em bilaminado com design elegante para exposição de fotografias. Dimensões: 13x18 cm. Peça ideal para oferta a crianças.,"",13x18 cm,""
B3300BAZ,Moldura Laço,"Moldura decorativa para fotografias, com design cuidado e acabamento premium. Dimensões: 13x18 cm.","",13x18 cm,""
B3408,Moldura Sino,"Moldura decorativa para fotografias, com design cuidado e acabamento premium. Dimensões: 6x9 cm.","","",""
B3516,Moldura Criança,Moldura com design elegante para exposição de fotografias. Peça ideal para oferta a crianças.,"","",""
B3561DAZ,Moldura Batismo,Moldura em bilaminado com design elegante para exposição de fotografias. Dimensões: 8x12 cm. Ideal para cerimónias de batismo.,"","",""
B3630,Moldura Gato,"Moldura decorativa para fotografias, com design cuidado e acabamento premium. Dimensões: 9x13 cm.","","",""
B3630BAZ,Moldura Gato,"Moldura decorativa para fotografias, com design cuidado e acabamento premium. Dimensões: 13x18 cm.","",13x18 cm,""
B3631,Moldura My Family Gato,"Moldura decorativa para fotografias, com design cuidado e acabamento premium. Dimensões: 15x20 cm.","","",""
B36/7001,Moldura Fim de Curso,"Moldura decorativa para fotografias, com design cuidado e acabamento premium. Dimensões: 15x20 cm. Ideal para celebrar a conclusão de curso.","",15x20 cm,""
B3670DR,Moldura Gato Borboletas,"Moldura decorativa em bilaminado para fotografias, com design cuidado e acabamento premium. Dimensões: 9x13 cm.","",9x13 cm,""
B3751CRO,Moldura Elefante,Moldura com design elegante para exposição de fotografias. Dimensões: 10x15 cm. Peça decorativa elegante.,"",10x15 cm,""
B3751MBRO,Moldura Criança Madeira,Moldura em madeira com design elegante para exposição de fotografias. Dimensões: 13x18 cm. Peça ideal para oferta a crianças.,"",13x18 cm,""
B3751MCRO,Moldura Criança Madeira,Moldura em madeira com design elegante para exposição de fotografias. Dimensões: 10x15 cm. Peça ideal para oferta a crianças.,"",10x15 cm,""
B3752CAZ,Moldura Elefante,Moldura com design elegante para exposição de fotografias. Dimensões: 10x15 cm.,"",10x15 cm,""
B3752MCAZ,Moldura Criança Madeira,Moldura em madeira com design elegante para exposição de fotografias. Dimensões: 10x15 cm. Peça ideal para oferta a crianças.,"",10x15 cm,""
B3753,Moldura Criança Madeira,Moldura em madeira com design elegante para exposição de fotografias. Peça ideal para oferta a crianças.,"","10x15 cm, 13x18 cm",""
B3754M,Moldura Criança Madeira,Moldura em madeira com design elegante para exposição de fotografias. Peça ideal para oferta a crianças.,"","10x15 cm, 13x18 cm",""
B3760,Moldura Nascimento,"Moldura decorativa em bilaminado para fotografias, com design cuidado e acabamento premium. Ideal para celebrar o nascimento.","","13x18 cm, 9x13 cm",""
B3790BL,Moldura Batismo,Moldura em bilaminado com design elegante para exposição de fotografias. Dimensões: 13x18 cm. Ideal para cerimónias de batismo.,"","",""
B3790DL,Moldura Batismo,Moldura em bilaminado com design elegante para exposição de fotografias. Dimensões: 13x9 cm. Ideal para cerimónias de batismo.,"","",""
B3791,Moldura Batismo,Moldura em bilaminado com design elegante para exposição de fotografias. Ideal para cerimónias de batismo.,"","13x18 cm, 9x13 cm",""
B3990,Moldura Bebé Carrinho,"Moldura decorativa em bilaminado para fotografias, com design cuidado e acabamento premium. Peça ideal para oferta a bebés.","","13x18 cm, 9x13 cm",""
B40/0049,Moldura Casamento,"Moldura decorativa para fotografias, com design cuidado e acabamento premium. Dimensões: 13x18 cm. Ideal para celebrações de casamento.","",13x18 cm,""
B4400DRO,Moldura Urso Flores,"Moldura decorativa em bilaminado para fotografias, com design cuidado e acabamento premium. Dimensões: 9x13 cm.","",9x13 cm,""
B4410BRO,Moldura Urso Corações,"Moldura decorativa em bilaminado para fotografias, com design cuidado e acabamento premium. Dimensões: 13x18 cm.","",13x18 cm,""
B4410DRO,Moldura Urso Corações,"Moldura decorativa em bilaminado para fotografias, com design cuidado e acabamento premium. Dimensões: 9x13 cm.","",9x13 cm,""
B4420,Moldura Gato Estrelas,"Moldura decorativa em bilaminado para fotografias, com design cuidado e acabamento premium.","","13x18 cm, 9x13 cm",""
B4430BL,Moldura Urso Flores Laranja,"Moldura decorativa em bilaminado para fotografias, com design cuidado e acabamento premium. Dimensões: 13x18 cm.","",13x18 cm,""
B4430DL,Moldura Urso Flores Laranja,"Moldura decorativa em bilaminado para fotografias, com design cuidado e acabamento premium. Dimensões: 9x13 cm.","",9x13 cm,""
B4440BL,Moldura Urso Corações,"Moldura decorativa em bilaminado para fotografias, com design cuidado e acabamento premium. Dimensões: 13x18 cm.","",13x18 cm,""
B4671D,Moldura Comunhão,"Moldura decorativa para fotografias, com design cuidado e acabamento premium. Dimensões: 9x13 cm. Ideal para cerimónias de comunhão.","",9x13 cm,""
B5587D,Moldura Rombus,Moldura em bilaminado com design elegante para exposição de fotografias.,"","10x15 cm, 9x13 cm",""
B5683N,Moldura Martelado,Moldura em bilaminado com design elegante para exposição de fotografias. Dimensões: 20x25 cm.,"",20x25 cm,""
B5781A,Moldura,Moldura em bilaminado com design elegante para exposição de fotografias. Dimensões: 18x18 cm.,"",18x18 cm,""
B584B,Moldura,Moldura com design elegante para exposição de fotografias. Dimensões: 13x18 cm.,"",13x18 cm,""
B585B,Moldura,Moldura com design elegante para exposição de fotografias. Dimensões: 13x18 cm.,"",13x18 cm,""
B5918/1634D,Moldura Bilaminada Comunhão,"Moldura decorativa em madeira para fotografias, com design cuidado e acabamento premium. Dimensões: 9x13 cm. Ideal para cerimónias de comunhão.","",9x13 cm,""
B5918D/1634D,Moldura Bilaminada Comunhão,"Moldura decorativa em madeira para fotografias, com design cuidado e acabamento premium. Dimensões: 9x13 cm. Ideal para cerimónias de comunhão.","",9x13 cm,""
B5924A/25,Moldura Casamento,"Moldura decorativa para fotografias, com design cuidado e acabamento premium. Ideal para celebrar bodas de prata (25 anos).","","13x18 cm, 18x24 cm",""
B6000/18,Moldura,Moldura com design elegante para exposição de fotografias. Dimensões: 18x24 cm. Ideal para celebrar bodas de prata (25 anos).,"",18x24 cm,""
B6001/13,Moldura Casamento,Moldura com design elegante para exposição de fotografias. Ideal para celebrar bodas de ouro (50 anos).,"","13x18 cm, 18x24 cm",""
B6710D,Moldura Comunhão,"Moldura decorativa para fotografias, com design cuidado e acabamento premium. Dimensões: 9x13 cm. Ideal para cerimónias de comunhão.","",9x13 cm,""
B6810B,Moldura Comunhão Bilaminada,"Moldura decorativa para fotografias, com design cuidado e acabamento premium. Dimensões: 13x18 cm. Ideal para cerimónias de comunhão.","",13x18 cm,""
B6817,Moldura Comunhão GBG,"Moldura decorativa para fotografias, com design cuidado e acabamento premium. Ideal para cerimónias de comunhão.","","",""
B6818,Moldura Comunhão GBG,"Moldura decorativa para fotografias, com design cuidado e acabamento premium. Ideal para cerimónias de comunhão.","","",""
B6831B,Moldura Comunhão Bilaminada,"Moldura decorativa para fotografias, com design cuidado e acabamento premium. Dimensões: 13x18 cm. Ideal para cerimónias de comunhão.","",13x18 cm,""
B8113B/25,Moldura Casamento - 25 - 50,"Moldura decorativa para fotografias, com design cuidado e acabamento premium. Dimensões: 13x18 cm. Ideal para celebrar bodas de prata (25 anos).","",13x18 cm,""
B8118B,Moldura,Moldura em bilaminado com design elegante para exposição de fotografias.,"","13x18 cm, 9x13 cm",""
BA2668M,Moldura,"Moldura decorativa para fotografias, com design cuidado e acabamento premium. Dimensões: 18x24 cm.","",18x24 cm,""
BA4009C,Moldura,"Moldura decorativa para fotografias, com design cuidado e acabamento premium. Dimensões: 10x15 cm.","",10x15 cm,""
P0337,Moldura Prata Criança,Moldura retangular em prata 925. Passarinhos e borboletas em relevo. Versão azul.,"","",""
P0342,Moldura Prata Criança,"Moldura retangular em prata 925, Girassóis e abelhas em relevo. Versão azul.","","",""
P0346E,Moldura Prata Criança,Moldura em prata 925 em forma de casinha com gato no telhado e rato a espreitar. Abertura redonda 7x10 cm.,"",7x10 cm,""
P0347,Moldura Prata Criança,"Moldura em prata 925 em forma de ursinho com chapéu e laço, abertura circular diâmetro 8 cm.","",Diâmetro 8 cm,""
P07/02013,Moldura em Prata com Relógio,"Moldura decorativa em prata para 3 fotografias, com design cuidado e acabamento premium. Peça decorativa elegante com relógio e desenho de rosas.","",6x9 cm,14 mm
P0809BR,Moldura em Prata Redonda,"Moldura decorativa em prata para fotografias, com design cuidado e acabamento premium.","","Diâmetro 13 cm, Diâmetro 6 cm, Diâmetro 9 cm","1, 1.5 cm, 5 cm"
P0813A,Moldura em Prata Retangular Martelada,"Moldura decorativa em prata para fotografias, com design cuidado e acabamento premium.","","10x15 cm, 13x18 cm, 18x24 cm","1, 1.8 cm, 2 cm, 8 cm"
P0836S,Moldura em Prata Retangular Martelada,"Moldura decorativa em prata para fotografias, com design cuidado e acabamento premium.","","10x15 cm, 13x18 cm, 15x20 cm","1, 1.8 cm, 8 cm"
P0840A,Moldura em Prata Retangular Lisa,"Moldura decorativa em prata para fotografias, com design cuidado e acabamento premium.","","10x15 cm, 13x18 cm, 15x20 cm, 18x24 cm","1, 1.8 cm, 8 cm"
P0842A,Moldura em Prata Retangular Lisa,"Moldura decorativa em prata para fotografias, com design cuidado e acabamento premium.","","10x15 cm, 13x18 cm, 15x20 cm, 18x24 cm",2 cm
P0842BQ,Moldura em Prata Quadrada Lisa,"Moldura decorativa em prata para fotografias, com design cuidado e acabamento premium.","","13x13 cm, 6x6 cm, 9x9 cm","1, 1.3 cm, 3 cm"
P0843A,Moldura em Prata Retangular Martelado,"Moldura decorativa em prata para fotografias, com design cuidado e acabamento premium.","","10x15 cm, 13x18 cm, 18x24 cm","1, 1.8 cm, 8 cm"
P0844A,Moldura em Prata Retangular Picotada,"Moldura decorativa em prata para fotografias, com design cuidado e acabamento premium.","","10x15 cm, 13x18 cm, 18x24 cm",2 cm
P0847N,Moldura em Prata Retangular,"Moldura decorativa em prata para fotografias, com design cuidado e acabamento premium.","","10x15 cm, 20x25 cm","1, 1.8 cm, 8 cm"
P0866A,Moldura em Prata Retangular Lisa Plana,"Moldura decorativa em prata para fotografias, com design cuidado e acabamento premium.","","10x15 cm, 13x18 cm, 18x24 cm","1, 1.5 cm, 5 cm"
P0867A,Moldura em Prata Retangular Plana Picotada,"Moldura decorativa em prata para fotografias, com design cuidado e acabamento premium.","","10x15 cm, 13x18 cm, 18x24 cm","1, 1.5 cm, 5 cm"
P0872,Moldura em Prata Retangular Lisa,"Moldura decorativa em prata para fotografias, com design cuidado e acabamento premium.","","10x15 cm, 13x13 cm, 13x18 cm, 6x6 cm, 6x9 cm, 9x9 cm",1 cm
P0925E,Moldura em Prata Arrugada Largura a,"Moldura decorativa em prata para fotografias, com design cuidado e acabamento premium.","","10x10 cm, 13x18 cm",4.5 cm
P0926E,Moldura em Prata Largura a Folhas,"Moldura decorativa em prata para fotografias, com design cuidado e acabamento premium.","",10x10 cm,4.5 cm
P092A,Moldura em Prata Retangular Lisa Picotada,"Moldura decorativa em prata para fotografias, com design cuidado e acabamento premium.","","10x15 cm, 13x18 cm, 15x20 cm, 18x24 cm","1, 1.8 cm, 2 cm, 8 cm"
P0957A,Moldura em Prata Retangular Martelada,"Moldura decorativa em prata para fotografias, com design cuidado e acabamento premium.","","10x15 cm, 13x18 cm, 18x24 cm","2, 2.5 cm, 3 cm, 4 cm, 5 cm"
P0958A,Moldura em Prata Retangular Lisa,"Moldura decorativa em prata para fotografias, com design cuidado e acabamento premium.","","10x15 cm, 13x18 cm, 18x24 cm","2, 2.5 cm, 3 cm, 4 cm, 5 cm"
P0971B,Moldura em Prata Retangular Lisa,"Moldura decorativa em prata para fotografias, com design cuidado e acabamento premium.","","",5 cm
P0989N,Moldura em Prata Retangular Lisa,"Moldura decorativa em prata para fotografias, com design cuidado e acabamento premium.","","10x15 cm, 13x18 cm, 15x20 cm, 18x24 cm, 21x30 cm","1, 1.5 cm, 2 cm, 5 cm"
P101A,Moldura em Prata Retangular Lisa,"Moldura decorativa em prata para fotografias, com design cuidado e acabamento premium.","","13x18 cm, 18x24 cm",3 cm
P102A,Moldura em Prata Retangular Martelada,"Moldura decorativa em prata para fotografias, com design cuidado e acabamento premium.","","13x18 cm, 18x24 cm",3 cm
P12/5000,Moldura em Prata Forma Irregular,"Moldura decorativa em prata para fotografias, com design cuidado e acabamento premium.","","Diâmetro 16 cm, Diâmetro 21 cm",""
P12/7009,Moldura Prata Criança,"Moldura em madeira 10x15 cm, rosa. Coelho branco entre folhas verdes.","",10x15 cm,""
P127058,Moldura Criança Prata,"Moldura em madeira 8x11 cm, verde/amarela. Gnomo, bebé no baloiço suspenso de nuvem e joaninha.","",8x11 cm,""
P127059,Moldura Criança Prata,"Moldura em madeira 8x11 cm, verde/amarela. Gnomo, bebé sentado e joaninhas.","",8x11 cm,""
P12/7060,Moldura Criança Prata,"Moldura em madeira 8x11 cm, verde/amarela. Gnomo, bebé no berço e estrelas em prata.","",8x11 cm,""
P12/8007,Moldura Casamento Prata,"Moldura decorativa de Casamento em prata para fotografias, com design cuidado e acabamento premium. Dimensões: 10x15 cm.","",10x15 cm,""
P14/0210,Moldura Prata Redonda Lisa,Moldura em prata 925 com design elegante para exposição de fotografias.,"","Diâmetro 12 cm, Diâmetro 14 cm, Diâmetro 5 cm, Diâmetro 6 cm, Diâmetro 8 cm, Diâmetro 9 cm",7 mm
P14/0521,Moldura em Prata Redonda Flores,"Moldura decorativa em prata para fotografias, com design cuidado e acabamento premium.","","Diâmetro 6 cm, Diâmetro 8 cm",7 mm
P14/0622,Moldura Prata Redondo Grega,Moldura em prata 925 com design elegante para exposição de fotografias.,"",Diâmetro 8 mm,7 mm
P14/0722,Moldura em Prata Redonda Parafusos,"Moldura decorativa em prata para fotografias, com design cuidado e acabamento premium.","","",""
P14/8210,Moldura Prata Redondo Picotado,Moldura em prata 925 com design elegante para exposição de fotografias.,"","Diâmetro 12 cm, Diâmetro 14 cm, Diâmetro 5 cm, Diâmetro 6 cm, Diâmetro 8 cm, Diâmetro 9 cm",7 mm
P15/0100,Moldura Prata Retangular Rosas,Moldura em prata 925 com design elegante para exposição de fotografias. Peça decorativa elegante.,"","10x15 cm, 18x24 cm, 20x25 cm, 6x9 cm, 9x13 cm",11 mm
P15/0107,Moldura Prata Retangular Rosas,Moldura em prata 925 com design elegante para exposição de fotografias. Peça decorativa elegante.,"","13x18 cm, 9x13 cm",14 mm
P15/0134,Moldura Prata Retangular Palmeira,Moldura em prata 925 com design elegante para exposição de fotografias.,"",6x9 cm,11 mm
P15/0171,Moldura Prata Retangular Flores,Moldura em prata 925 com design elegante para exposição de fotografias.,"",18x24 cm,11 mm
P15/01913,Moldura Prata Conchas,Moldura em prata 925 com design elegante para exposição de fotografias.,"","",""
P15/0206,Moldura Prata Retangular Folha,Moldura em prata 925 com design elegante para exposição de fotografias.,"","15x20 cm, 18x24 cm",11 mm
P15/0215,Moldura Prata Retangular Folha,Moldura em prata 925 com design elegante para exposição de fotografias.,"",6x9 cm,14 mm
P15/0236,Moldura Prata Retangular Rosas,Moldura em prata 925 com design elegante para exposição de fotografias.,"","6x9 cm, 9x13 cm",11 mm
P15/0270,Moldura Prata Retangular Lisa,Moldura em prata 925 com design elegante para exposição de fotografias.,"","10x15 cm, 13x18 cm, 15x20 cm, 18x24 cm, 20x25 cm, 6x9 cm, 9x13 cm",11 mm
P15/0300,Moldura Prata Retangular Liso,Moldura em prata 925 com design elegante para exposição de fotografias.,"","10x15 cm, 13x18 cm, 15x20 cm, 18x24 cm, 20x25 cm, 24x30 cm, 6x9 cm, 9x13 cm",14 mm
P15/03002,Moldura Prata Retangular Dupla Lisa,Moldura em prata 925 com design elegante para exposição de fotografias. Dimensões: 6x9 cm.,"",6x9 cm,14 mm
P15/03003,Moldura Prata Tripla Lisa,Moldura em prata 925 com design elegante para exposição de fotografias. Dimensões: 6x9 cm.,"",6x9 cm,14 mm
P15/0309G,Moldura Prata Retangular,Moldura em prata 925 com design elegante para exposição de fotografias.,"","13x18 cm, 18x24 cm, 20x25 cm, 9x13 cm","17 mm, 22 mm"
P15/0333,Moldura Prata Retangular Palmeiras,Moldura em prata 925 com design elegante para exposição de fotografias.,"","13x18 cm, 18x24 cm",17 mm
P15/0401,Moldura Prata Retangular Lisa,Moldura em prata 925 com design elegante para exposição de fotografias.,"","10x15 cm, 18x24 cm, 9x13 cm",18 mm
P15/0432,Moldura Prata Retangular Clássica Lisa,Moldura em prata 925 com design elegante para exposição de fotografias.,"","10x15 cm, 13x18 cm, 15x20 cm",17 mm
P15/0442,Moldura Prata Retangular Clássica Picotada,Moldura em prata 925 com design elegante para exposição de fotografias.,"","10x15 cm, 13x18 cm, 15x20 cm",17 mm
P15/0503,Moldura em Prata Retangular Flor de Liz,"Moldura decorativa em prata para fotografias, com design cuidado e acabamento premium.","","10x15 cm, 9x13 cm","11 mm, 14 mm"
P15/0505,Moldura Prata Retangular Concha,Moldura em prata 925 com design elegante para exposição de fotografias.,"","10x15 cm, 13x18 cm, 6x9 cm",11 mm
P15/0528,Moldura em Prata Retangular Cruzes,"Moldura decorativa em prata para fotografias, com design cuidado e acabamento premium.","","10x15 cm, 15x20 cm",14 mm
P15/0604,Moldura Prata Retangular Lisa,Moldura em prata 925 com design elegante para exposição de fotografias.,"","10x15 cm, 13x18 cm, 15x20 cm, 18x24 cm, 20x25 cm",22 mm
P15/0609,Moldura Prata Retangular,Moldura em prata 925 com design elegante para exposição de fotografias.,"",20x25 cm,22 mm
P15/0617M,Moldura Prata Retangular,Moldura em prata 925 com design elegante para exposição de fotografias.,"","",""
P15/0622,Moldura em Prata Retangular Flor,"Moldura decorativa em prata para fotografias, com design cuidado e acabamento premium.","","18x24 cm, 20x25 cm",22 mm
P15/0630,Moldura Prata Retangular com Flores,Moldura em prata 925 com design elegante para exposição de fotografias.,"","13x18 cm, 18x24 cm",22 mm
P15/0640X,Moldura Prata Retangular Nós,Moldura em prata 925 com design elegante para exposição de fotografias.,"","13x18 cm, 18x24 cm",22 mm
P15/0813,Moldura em Prata Retangular Amora,"Moldura decorativa em prata para fotografias, com design cuidado e acabamento premium.","","",17 mm
P15/1291,Moldura em Prata Retangular,"Moldura decorativa em prata para fotografias com Flor Turquesa, com design cuidado e acabamento premium.","",6x9 cm,14 mm
P1537A,Moldura Prata Dupla Criança,Moldura dupla em prata com duas aberturas ovais 6x9 cm. Urso de laço vermelho e flores coloridas. Fundo em veludo.,"",6x9 cm,""
P1538A,Moldura Prata Dupla Criança,"Moldura dupla em prata com duas aberturas ovais 6x9 cm. Animais, balões e flores coloridas. Fundo em veludo.","",6x9 cm,""
P1569A,Moldura Prata Tripla Criança,Moldura tripla em prata com três aberturas ovais 6x4 cm. Palmeiras e elefante colorido.,"",6x4 cm,""
P156AG.6,Moldura em Prata Retangular Casamento,"Moldura decorativa em prata para fotografias, com design cuidado e acabamento premium. Ideal para celebrações de casamento.","",18x24 cm,""
P156AM.1,Moldura em Prata Retangular,"Moldura decorativa em prata para fotografias, com design cuidado e acabamento premium. Dimensões: 13x18 cm.","",13x18 cm,"3, 3.5 cm, 5 cm"
P15/8270,Moldura em Prata Retangular Picotada,"Moldura decorativa em prata para fotografias, com design cuidado e acabamento premium.","","10x15 cm, 13x18 cm, 15x20 cm, 18x24 cm, 6x9 cm, 9x13 cm",11 mm
P15/83002,Moldura Prata Retangular Picotada,Moldura dupla em prata 925 com design elegante para exposição de fotografias. Dimensões: 9x13 cm.,"","6x9 cm, 9x13 cm",""
P15/8301,Moldura Prata Retangular Picotada,Moldura em prata 925 com design elegante para exposição de fotografias.,"","10x15 cm, 15x20 cm, 18x24 cm, 20x25 cm, 9x13 cm",14 mm
P16/0112,Moldura em Prata Oval Ondulada,"Moldura decorativa em prata para fotografias, com design cuidado e acabamento premium.","","",""
P16/0136,Moldura em Prata Oval,"Moldura decorativa em prata para fotografias, com design cuidado e acabamento premium.","","",""
P16/0410,Moldura Oval Liso Prata,Moldura em prata 925 com design elegante para exposição de fotografias.,"","10x15 cm, 13x19 cm, 5x6 cm, 6x9 cm, 9x12 cm",8 mm
P16/0510,Moldura Oval Flores Prata,Moldura em prata 925 com design elegante para exposição de fotografias.,"","5x6 cm, 5X6 cm",8 mm
P16/0548A,Moldura em Prata Oval Lisa,"Moldura decorativa em prata para fotografias, com design cuidado e acabamento premium.","",10x15 cm,7 mm
P16/0810,Moldura em Prata Oval Picotada,"Moldura decorativa em prata para fotografias, com design cuidado e acabamento premium.","","10x15 cm, 13x19 cm, 5x6 cm, 6x9 cm, 9x12 cm",8 mm
P16/5090,Moldura em Prata Retangular com Flores,"Moldura decorativa em prata para fotografias, com design cuidado e acabamento premium.","","10x15 cm, 13x18 cm, 18x24 cm","2, 2.5 cm, 3 cm, 5 cm"
P17/0110N,Moldura em Prata Retangular Executivo Laços,"Moldura decorativa em prata para fotografias, com design cuidado e acabamento premium.","","",14 mm
P17/0120N,Moldura em Prata Retangular Executivo Cruzes,"Moldura decorativa em prata para fotografias, com design cuidado e acabamento premium.","","",14 mm
P17/0200,Moldura em Prata Capela Rosas,"Moldura decorativa em prata para fotografias, com design cuidado e acabamento premium. Peça decorativa elegante.","","10x15 cm, 13x19 cm, 4x5 cm, 6x9 cm, 9x13 cm",14 mm
P17/02012,Moldura em Prata Capela Dupla Rosinhas,"Moldura decorativa em prata para fotografias, com design cuidado e acabamento premium.","",6x9 cm,11 mm
P17/0204C,Moldura em Prata Capela Rosinhas Camafeu,"Moldura decorativa em prata para fotografias, com design cuidado e acabamento premium.","","",""
P17/0214,Moldura em Prata Retangular Capela Tracejado,"Moldura decorativa em prata para fotografias, com design cuidado e acabamento premium.","","10x15 cm, 13x9 cm, 6x9 cm",11 mm
P17/0220,Moldura em Prata Capela Picotada,"Moldura decorativa em prata para fotografias, com design cuidado e acabamento premium.","","13x18 cm, 13x9 cm, 4x5 cm, 6x9 cm, 9x13 cm",14 mm
P17/0240,Moldura em Prata Capela Flores,"Moldura decorativa em prata para fotografias, com design cuidado e acabamento premium.","","4x5 cm, 6x9 cm, 9x13 cm",14 mm
P17/0400,Moldura em Prata Retangular Lisa,"Moldura decorativa em prata para fotografias, com design cuidado e acabamento premium.","",10x15 cm,""
P17/0410,Moldura em Prata Retangular Laço,"Moldura decorativa em prata para fotografias, com design cuidado e acabamento premium.","","10x15 cm, 15x20 cm",""
P17/0442,Moldura em Prata Retangular Criança Classic,"Moldura decorativa em prata para fotografias, com design cuidado e acabamento premium. Dimensões: 10x15 cm. Peça ideal para oferta a crianças.","",10x15 cm,14 mm
P1705/2,Moldura em Prata Ondas,"Moldura decorativa em prata para fotografias, com design cuidado e acabamento premium.","","13x27 cm, 15x15 cm",6 cm
P17/1800,Moldura em Prata Retangular Picotada,"Moldura decorativa em prata para fotografias, com design cuidado e acabamento premium.","",6x9 cm,11 mm
P18/12013,Moldura Prata,"Moldura decorativa em prata para fotografias, com design cuidado e acabamento premium. Dimensões: 6x9 cm. Ideal para celebrações de casamento.","",6x9 cm,11 mm
P18/12013-S,Moldura Tripla Prata,"Moldura decorativa em prata para fotografias, com design cuidado e acabamento premium. Dimensões: 6x9 cm.","",6x9 cm,""
P18/12213,Moldura Tripla com Placa Prata,"Moldura Tripla com Placa de prata decorativa para 3 fotografias, com design cuidado e acabamento premium. Dimensões: 6x9 cm.","",6x9 cm,11 mm
P1881A,Moldura em Prata Retangular Picotada,"Moldura decorativa em prata para fotografias, com design cuidado e acabamento premium.","","10x15 cm, 13x18 cm, 15x20 cm, 18x24 cm","0, 0.7 mm, 7 mm"
P1887B,Moldura em Prata Retangular,"Moldura decorativa em prata para fotografias, com design cuidado e acabamento premium.","","10x15 cm, 13x18 cm",2 cm
P1889A,Moldura em Prata Retangular Lisa,"Moldura decorativa em prata para fotografias, com design cuidado e acabamento premium.","","10x15 cm, 13x18 cm, 18x24 cm","0, 0.7 mm, 7 mm"
P1896,Moldura Prata Retangular,Moldura em prata 925 com design elegante para exposição de fotografias.,"","10x15 cm, 13x18 cm, 18x24 cm","1, 1.5 cm, 5 cm"
P1897,Moldura em Prata Oval,"Moldura decorativa em prata para fotografias, com design cuidado e acabamento premium.","","10x15 cm, 13x18 cm",""
P1898B,Moldura Prata Lisa,Moldura em prata 925 com design elegante para exposição de fotografias.,"","10x15 cm, 13x18 cm",11 mm
P18LM.11,Moldura Prata Criança,"Moldura em prata 925 marca Acca, 10x15 cm. Anjos, estrelas e corações coloridos (azul e rosa).","","",""
P2135,Moldura em Prata para 2 Fotos Picotada,"Moldura decorativa em prata para fotografias, com design cuidado e acabamento premium. Dimensões: 6x9 cm.","",6x9 cm,"1, 1.5 cm, 5 cm"
P22CP.37,Moldura em Prata Retangular,"Moldura decorativa em prata para fotografias, com design cuidado e acabamento premium. Dimensões: 10x15 cm.","",10x15 cm,"3, 3. cm, cm"
P2319,Moldura em Prata Quadrada,"Moldura decorativa em prata para fotografias, com design cuidado e acabamento premium.","","13x13 cm, 9x9 cm","1, 1.5 cm, 5 cm"
P2319/5,Moldura em Prata,"Moldura decorativa em prata para fotografias, com design cuidado e acabamento premium.","","",""
P2375/1,Moldura em Prata com Madeira,"Moldura decorativa em prata para fotografias, com design cuidado e acabamento premium.","","10x15 cm, 13x18 cm","0, 0.8 mm, 1 cm, 8 mm"
P24/01122,Moldura em Prata Retangular Lisa Dupla/tripla,"Moldura decorativa em prata para fotografias, com design cuidado e acabamento premium. Dimensões: 6x9 cm.","",6x9 cm,"0, 0.5 mm, 5 mm"
P24/0113,Moldura em Prata Retangular Lisa,"Moldura decorativa em prata para fotografias, com design cuidado e acabamento premium.","","10x15 cm, 3x4 cm, 4x5.5 cm, 4x5 cm, 5 cm, 6x9 cm","0, 0.5 mm, 5 mm"
P24/1113,Moldura em Prata Retangular Picotada,"Moldura decorativa em prata para fotografias, com design cuidado e acabamento premium.","","10x15 cm, 3x4 cm, 4x5.5 cm, 4x5 cm, 5 cm, 6x9 cm","0, 0.5 mm, 5 mm"
P24/2110,Moldura em Prata Retangular Trança,"Moldura decorativa em prata para fotografias, com design cuidado e acabamento premium.","","3x4 cm, 6x9 cm","0, 0.5 mm, 5 mm"
P24/3000,Moldura em Prata Capela Lisa,"Moldura decorativa em prata para fotografias, com design cuidado e acabamento premium.","","10x15 cm, 13x18 cm, 15x10 cm, 3x4 cm, 4x5 cm, 6x9 cm, 9x13 cm",9 mm
P24/3004C,Moldura em Prata Retangular Criança Urso,"Moldura decorativa em prata para fotografias, com design cuidado e acabamento premium. Peça ideal para oferta a crianças.","","10x15 cm, 15x10 cm",7 mm
P24/3010,Moldura em Prata Panorâmica Capela Lisa,"Moldura decorativa em prata para fotografias, com design cuidado e acabamento premium.","","18x10 cm, 25x10 cm",9 mm
P24/3100,Moldura em Prata Capela Picotada,"Moldura decorativa em prata para fotografias, com design cuidado e acabamento premium.","","10x15 cm, 13x18 cm, 15x10 cm, 3x4 cm, 4x5 cm, 6x9 cm, 9x13 cm",9 mm
P24/3105-1,Moldura em Prata Capela Picotada,"Moldura decorativa em prata para fotografias, com design cuidado e acabamento premium.","",15x10 cm,9 mm
P24/3200,Moldura em Prata Capela Conchas,"Moldura decorativa em prata para fotografias, com design cuidado e acabamento premium.","","13x18 cm, 3x4 cm, 6x9 cm",9 mm
P24/3210,Moldura em Prata Panorâmica Capela Conchas,"Moldura decorativa em prata para fotografias, com design cuidado e acabamento premium.","","10x18 cm, 10x25 cm",9 mm
P24/3306,Moldura em Prata Capela Colunas,"Moldura decorativa em prata para fotografias, com design cuidado e acabamento premium.","","",9 mm
P24/5000,Moldura em Prata Retangular Criança Balança,"Moldura decorativa em prata para fotografias, com design cuidado e acabamento premium. Peça ideal para oferta a crianças.","","10x15 cm, 6x9 cm, 9x13 cm",7 mm
P24/5012M,Moldura em Prata Retangular Criança Aniversário,"Moldura decorativa em prata para fotografias, com design cuidado e acabamento premium. Dimensões: 10x15 cm. Peça ideal para oferta a crianças.","",10x15 cm,7 mm
P24/5022,Moldura em Prata Retangular Criança Nascimento,"Moldura decorativa em prata para fotografias, com design cuidado e acabamento premium. Ideal para celebrar o nascimento.","",10x15 cm,7 mm
P25/0100,Moldura em Prata Quadrada Lisa,"Moldura decorativa em prata para fotografias, com design cuidado e acabamento premium.","","12x12 cm, 9x9 cm",11 mm
P2505,Moldura Prata Criança,Moldura em prata 925 em forma de pato sentado com abertura quadrada 9x9 cm.,"",9x9 cm,""
P260LA,Moldura em Prata Retangular Martelada,"Moldura decorativa em prata para fotografias, com design cuidado e acabamento premium.","","13x18 cm, 18x24 cm","1, 1.6 cm, 6 cm"
P2615/1,Moldura em Prata Pele Preta,"Moldura decorativa em prata para fotografias, com design cuidado e acabamento premium.","","10x15 cm, 13x18 cm",1 cm
P261LA,Moldura em Prata Retangular Picotada,"Moldura decorativa em prata para fotografias, com design cuidado e acabamento premium.","","10x15 cm, 13x18 cm, 18x24 cm, 9x13 cm","1, 1.6 cm, 6 cm"
P2710/1,Moldura em Prata Retangular,"Moldura decorativa em prata para fotografias, com design cuidado e acabamento premium. Dimensões: 9x13 cm.","",9x13 cm,"1, 1.2 cm, 2 cm"
P2860,Moldura em Prata Irregular Riscado,"Moldura decorativa em prata para fotografias, com design cuidado e acabamento premium.","",13x18x2 cm,""
P2867VR,Moldura em Prata Retangular,"Moldura decorativa em prata para fotografias, com design cuidado e acabamento premium.","","13x18 cm, 18x24 cm","3, 3.5 cm, 4 cm, 5 cm"
P2870AZ,Moldura em Prata Retangular,"Moldura decorativa em prata para fotografias, com design cuidado e acabamento premium.","","13x18 cm, 18x24 cm","3, 3.5 cm, 4, 4 cm, 5 cm, cm"
P2882/1,Moldura em Prata Retangular com Aplicação,"Moldura decorativa em prata para fotografias, com design cuidado e acabamento premium. Dimensões: 13x18 cm.","",13x18 cm,"2, 2.2 cm, 2 cm"
P2925,Moldura em Prata Retangular Vistosa,"Moldura decorativa em prata para fotografias, com design cuidado e acabamento premium.","","10x15 cm, 20x25 cm","3, 3.5 cm, 4 cm, 5 cm"
P2935,Moldura Prata Criança,"Moldura em prata 925 em forma de leão com juba, abertura circular diâmetro 9 cm.","",Diâmetro 9 cm,""
P3038,Moldura Prata Criança,Moldura em prata 925 em forma de tartaruga.,"","Diâmetro 6 cm, Diâmetro 9 cm",""
P3200,Moldura Prata Criança,Moldura em prata 925‰ para criança com carro sem cor (prata) e nuvens em relevo. Fundo em veludo.,"","10x15 cm, 13x18 cm, 9x13 cm",""
P3201,Moldura Prata Criança,Moldura em prata 925‰ para criança com carro colorido (vermelho/amarelo) e nuvens em relevo. Fundo em veludo.,"","10x15 cm, 13x18 cm",""
P3205,Moldura Prata Criança,Moldura em prata 925‰ para criança com urso em moto colorido e nuvens em relevo. Fundo em veludo.,"","10x15 cm, 13x18 cm, 9x13 cm",""
P3305A,Moldura Prata Criança,"Moldura em prata para nascimento com espaços para nome, data e peso, e abertura para foto 6x9 cm. Decoração com palhaço colorido. Fundo em veludo.","","",""
P374WP.5,Moldura em Prata Retangular,"Moldura decorativa em prata para fotografias, com design cuidado e acabamento premium.","","13x18 cm, 9x13 cm","2, 2.5 cm, 5 cm"
P42/0305,Moldura em Prata Retangular Laço,"Moldura decorativa em prata para fotografias, com design cuidado e acabamento premium.","","",""
P42/0404,Moldura em Prata Retangular Lisa,"Moldura decorativa em prata para fotografias, com design cuidado e acabamento premium.","",6x9 cm,""
P42/0605,Moldura em Prata Retangular Cortina,"Moldura decorativa em prata para fotografias, com design cuidado e acabamento premium.","","6x9 cm, 9x13 cm",""
P45/0100,Moldura em Prata Retangular Lisa,"Moldura decorativa em prata para fotografias, com design cuidado e acabamento premium.","","10x15 cm, 13x18 cm, 15x20 cm, 18x24 cm",16 mm
P45/0105,Moldura Prata Retangular Parafusos,Moldura em prata com design elegante para exposição de fotografias.,"","10x15 cm, 13x18 cm, 15x20 cm, 18x24 cm",16 mm
P45/0110,Moldura em Prata Retangular Tracejado,"Moldura decorativa em prata para fotografias, com design cuidado e acabamento premium.","","10x15 cm, 13x18 cm",16 mm
P45/0121,Moldura em Prata Retangular Florzinhas,"Moldura decorativa em prata para fotografias, com design cuidado e acabamento premium.","","13x18 cm, 15x20 cm, 18x24 cm",16 mm
P45/0140,Moldura em Prata Retangular Cantos Tracejado,"Moldura decorativa em prata para fotografias, com design cuidado e acabamento premium.","","10x15 cm, 13x18 cm, 15x20 cm",16 mm
P45/0160,Moldura em Prata Retangular Folhas,"Moldura decorativa em prata para fotografias, com design cuidado e acabamento premium.","","10x15 cm, 15x20 cm",16 mm
P45/0200,Moldura em Prata Retangular Plana Lisa,"Moldura decorativa em prata para fotografias, com design cuidado e acabamento premium.","","10x15 cm, 13x18 cm, 15x20 cm, 18x24 cm",22 mm
P45/0206,Moldura em Prata Retangular Leque,"Moldura decorativa em prata para fotografias, com design cuidado e acabamento premium.","","13x18 cm, 15x20 cm, 18x24 cm",22 mm
P45/0210,Moldura em Prata Retangular,"Moldura decorativa em prata para fotografias, com design cuidado e acabamento premium.","","10x15 cm, 13x18 cm, 15x20 cm, 18x24 cm",22 mm
P45/0230,Moldura em Prata Retangular Criança,"Moldura decorativa em prata para fotografias, com design cuidado e acabamento premium. Peça ideal para oferta a crianças.","",10x15 cm,22 mm
P45/0235C,Moldura em Prata Retangular Criança Palhaço,"Moldura decorativa em prata para fotografias, com design cuidado e acabamento premium. Peça ideal para oferta a crianças.","",15x10 cm,22 mm
P45/0236C,Moldura em Prata Criança Casa Urso,"Moldura decorativa em prata para fotografias, com design cuidado e acabamento premium. Peça ideal para oferta a crianças.","",15x10 cm,22 mm
P45/0237,Moldura em Prata Retangular Criança Ratinhos,"Moldura decorativa em prata para fotografias, com design cuidado e acabamento premium. Dimensões: 10x15 cm. Peça ideal para oferta a crianças.","",10x15 cm,22 mm
P45/0270,Moldura em Prata Retangular Comunhão,"Moldura decorativa em prata para fotografias, com design cuidado e acabamento premium. Ideal para cerimónias de comunhão.","","10x15 cm, 13x18 cm",22 mm
P45/0312,Moldura em Prata Retangular Comunhão,"Moldura decorativa em prata para fotografias, com design cuidado e acabamento premium. Ideal para cerimónias de comunhão.","",10x15 cm,3 cm
P45/0400,Moldura em Prata Retangular Lisa,"Moldura decorativa em prata para fotografias, com design cuidado e acabamento premium.","","10x15 cm, 13x18 cm, 15x20 cm, 18x24 cm, 6x9 cm, 9x13 cm",14 mm
P45/0410,Moldura em Prata Retangular Trança,"Moldura decorativa em prata para fotografias, com design cuidado e acabamento premium.","","13x18 cm, 6x9 cm, 9x13 cm",14 mm
P45/0420,Moldura em Prata Retangular Rosas,"Moldura decorativa em prata para fotografias, com design cuidado e acabamento premium. Peça decorativa elegante.","","10x15 cm, 6x9 cm, 9x13 cm",14 mm
P45/0451,Moldura em Prata Retangular Cantos Rosas,"Moldura decorativa em prata para fotografias, com design cuidado e acabamento premium. Peça decorativa elegante.","","13x18 cm, 18x24 cm, 9x13 cm",14 mm
P45/0470,Moldura em Prata Retangular Tracejada,"Moldura decorativa em prata para fotografias, com design cuidado e acabamento premium.","","15x20 cm, 18x24 cm, 6x9 cm",14 mm
P45/0486C,Moldura em Prata Retangular Criança Bonecos,"Moldura decorativa em prata para fotografias, com design cuidado e acabamento premium. Peça ideal para oferta a crianças.","","",""
P45/0490,Moldura em Prata Retangular Criança Bonecos,"Moldura decorativa em prata para fotografias, com design cuidado e acabamento premium. Peça ideal para oferta a crianças.","","10x15 cm, 15x10 cm, 6x9 cm",14 mm
P45/0490C,Moldura em Prata Retangular Criança Bonecos,"Moldura decorativa em prata para fotografias, com design cuidado e acabamento premium. Peça ideal para oferta a crianças.","",6x9 cm,14 mm
P45/0501,Moldura em Prata Retangular Criança Elefantes,"Moldura decorativa em prata para fotografias, com design cuidado e acabamento premium. Peça ideal para oferta a crianças.","","",14 mm
P45/0510,Moldura em Prata Retangular Criança Urso,"Moldura decorativa em prata para fotografias, com design cuidado e acabamento premium. Peça ideal para oferta a crianças.","",6x9 cm,14 mm
P45/0530,Moldura em Prata Retangular Cruzes,"Moldura decorativa em prata para fotografias, com design cuidado e acabamento premium.","","10x15 cm, 13x18 cm, 15x20 cm, 18x24 cm, 6x9 cm, 9x13 cm",14 mm
P45/8400,Moldura em Prata Retangular Picotada,"Moldura decorativa em prata para fotografias, com design cuidado e acabamento premium.","","10x15 cm, 13x18 cm, 15x20 cm, 18x24 cm, 6x9 cm, 9x13 cm",14 mm
P45B,Moldura em Prata Retangular Martelada Picotada,"Moldura decorativa em prata para fotografias, com design cuidado e acabamento premium.","","10x15 cm, 13x18 cm",2 cm
P45CP.30,Moldura em Prata Retangular,"Moldura decorativa em prata para fotografias, com design cuidado e acabamento premium.","",10x15 cm,"3, 3. cm, cm"
P465QM.10,Moldura em Prata Retangular Casamento,"Moldura decorativa em prata para fotografias, com design cuidado e acabamento premium. Ideal para celebrações de casamento.","","",""
P466QP.5,Moldura em Prata Retangular,"Moldura decorativa em prata para fotografias, com design cuidado e acabamento premium.","",10x15 cm,2 cm
P48RM.3,Moldura em Prata Quadrada Largura a,"Moldura decorativa em prata para fotografias, com design cuidado e acabamento premium.","","12x12 cm, 14x14 cm","5 cm, 6 cm, 7, 7.5 cm"
P50118404LL,Moldura em Prata Retangular Largura a Rombus,"Moldura decorativa em prata para fotografias, com design cuidado e acabamento premium.","","13x18 cm, 18x24 cm, 9x13 cm","3, 3.5 cm, 4, 4.8 cm, 5 cm, 8 cm"
P5017105LL,Moldura em Prata Retangular Lisa,"Moldura decorativa em prata para fotografias, com design cuidado e acabamento premium.","",10x15x2 cm,""
P5017306LL,Moldura em Prata Retangular Casamento,"Moldura decorativa em prata para fotografias, com design cuidado e acabamento premium. Ideal para celebrações de casamento.","",13x18 cm,1.8 cm
P5067105LL,Moldura em Prata Retangular Lisa,"Moldura decorativa em prata para fotografias, com design cuidado e acabamento premium. Dimensões: 10x15 cm.","",10x15 cm,"1, 1.2 cm, 2 cm"
P5067405LL,Moldura em Prata Retangular,"Moldura decorativa em prata para fotografias, com design cuidado e acabamento premium.","","",""
P55A,Moldura em Prata Retangular Lisa,"Moldura decorativa em prata para fotografias, com design cuidado e acabamento premium.","","10x15 cm, 13x18 cm, 18x24 cm","2, 2.5 cm, 2 cm, 5 cm"
P81,Moldura em Prata Retangular Lisa,"Moldura decorativa em prata para fotografias, com design cuidado e acabamento premium.","","10x15 cm, 13x13 cm, 13x18 cm, 15x20 cm, 18x18 cm, 18x24 cm, 20x25 cm",2 cm
P81CF,Moldura PRATA Nossa Senhora de FATIMA,Imagem de Nossa Senhora de Fátima em prata. Dimensões: 10x15 cm. Peça devocional elegante para decoração e contemplação.,"",10x15 cm,""
P84B,Moldura em Prata Retangular Martelada,"Moldura decorativa em prata para fotografias, com design cuidado e acabamento premium.","","10x15 cm, 13x18 cm",2 cm
P88CF.1RO,Moldura Prata Criança,"Moldura 8x12 cm , com ursinho de paraquedas em prata, estrelas douradas e nuvens.","",8x12 cm,""
P89B/25,Moldura em Prata Retangular Casamento,"Moldura decorativa em prata para fotografias, com design cuidado e acabamento premium. Ideal para celebrações de casamento.","","13x18 cm, 15x20 cm",""
P89B/50,Moldura em Prata Retangular Casamento,"Moldura decorativa em prata para fotografias, com design cuidado e acabamento premium. Ideal para celebrações de casamento.","","13x18 cm, 15x20 cm",""
P907B,Moldura de Prata Retangular,"Moldura decorativa em prata para fotografias, com design cuidado e acabamento premium.","",13x18x4 cm,""
P90B,Moldura em Prata Retangular,"Moldura decorativa em prata para fotografias, com design cuidado e acabamento premium.","","10x15 cm, 13x18 cm","1, 1.8 cm, 8 cm"
